{
   "Test soft acc": 58.09363162878791,
   "Test hard acc": 38.85563977102349,
   "Train Max Soft Acc": 90.35226004464279,
   "Train Max Hard Acc": 87.44437832558246,
   "Train Min Loss": 0.06302039076884587
}