{
   "Test soft acc": 68.13396239177497,
   "Test hard acc": 50.11586358711243,
   "Train Max Soft Acc": 88.93041040990248,
   "Train Max Hard Acc": 87.51312821165764,
   "Train Min Loss": 0.03317098996855996
}