{
   "Test soft acc": 72.71347155990712,
   "Test hard acc": 51.414375961495104,
   "Train Max Soft Acc": 91.24578889715603,
   "Train Max Hard Acc": 91.76130618513434,
   "Train Min Loss": 0.01435591166632043
}