{
   "Test soft acc": 54.97739890318015,
   "Test hard acc": 27.11675438203181,
   "Train Max Soft Acc": 84.54188109705694,
   "Train Max Hard Acc": 67.39743802502313,
   "Train Min Loss": 0.25469591716925305
}